"","si","lambda_1","lambda_2","mu","alpha","c_l_1","c_l_2","c_r_1","c_r_2","c_r","c_h","S","s","PB1","PB2","Sav","RR","RV","TC","PT"
"1",1,50,200,20,0.3,2,6,5,10,0.01,0.2,120,1,0.139228886168911,0.168298653610771,0.831701346389229,3.36597307221542,1878.59547123623,220.086780905753,1658.50869033048
"2",2,50,200,20,0.3,2,6,5,10,0.01,0.2,120,1,0.122586439155815,0.148181409968567,0.851818590031432,2.96362819937135,1922.99057027391,193.803053435114,1729.1875168388
"3",3,50,200,20,0.3,2,6,5,10,0.01,0.2,120,1,0.161099964593414,0.194736220937094,0.805263779062906,3.89472441874188,1820.25256697746,254.628183642157,1565.6243833353
"4",1,50,200,20,0.3,2,6,5,10,0.01,0.2,120,2,0.157788899364131,0.165486530399374,0.834513469600626,3.30973060798748,1879.57971436022,218.501305839167,1661.07840852105
"5",2,50,200,20,0.3,2,6,5,10,0.01,0.2,120,2,0.139274749387293,0.145987984746467,0.854012015253533,2.91975969492935,1923.20534316024,192.787570671456,1730.41777248879
"6",3,50,200,20,0.3,2,6,5,10,0.01,0.2,120,2,0.182011019921518,0.190996538911204,0.809003461088796,3.81993077822408,1822.50416719721,252.142666311683,1570.36150088553
"7",1,50,200,20,0.3,2,6,5,10,0.01,0.2,120,3,0.175590481264429,0.162789321020541,0.837210678979459,3.25578642041082,1880.52373764281,216.980619191381,1663.54311845143
"8",2,50,200,20,0.3,2,6,5,10,0.01,0.2,120,3,0.155408288715609,0.143867475743841,0.856132524256159,2.87734951487682,1923.41297633342,191.805845686873,1731.60713064654
"9",3,50,200,20,0.3,2,6,5,10,0.01,0.2,120,3,0.201885481813425,0.187442238721891,0.812557761278109,3.74884477443782,1824.64415210286,249.780359929193,1574.86379217367
"10",1,50,200,20,0.3,2,6,5,10,0.01,0.2,120,4,0.192677385529535,0.160200396131889,0.839799603868111,3.20400792263777,1881.42986135384,215.520983339159,1665.90887801468
"11",2,50,200,20,0.3,2,6,5,10,0.01,0.2,120,4,0.171012756912859,0.141816505115506,0.858183494884494,2.83633010231012,1923.61380054077,190.856314651642,1732.75748588913
"12",3,50,200,20,0.3,2,6,5,10,0.01,0.2,120,4,0.220795416665573,0.184060432190956,0.815939567809044,3.68120864381911,1826.6802814517,247.532698581849,1579.14758286985
"13",1,50,200,20,0.3,2,6,5,10,0.01,0.2,120,5,0.209090040145288,0.157713630281017,0.842286369718983,3.15427260562034,1882.30022940164,214.118944752437,1668.18128464921
"14",2,50,200,20,0.3,2,6,5,10,0.01,0.2,120,5,0.186112274299843,0.139831902611192,0.860168097388808,2.79663805222385,1923.80812620265,189.937509845562,1733.87061635709
"15",3,50,200,20,0.3,2,6,5,10,0.01,0.2,120,5,0.23880633099091,0.180839404293727,0.819160595706273,3.61678808587454,1828.61960866482,245.391896073754,1583.22771259106
"16",1,50,200,20,0.3,2,6,5,10,0.01,0.2,120,6,0.224865857102513,0.155323354984468,0.844676645015532,3.10646709968935,1883.13682575544,212.771307540243,1670.36551821519
"17",2,50,200,20,0.3,2,6,5,10,0.01,0.2,120,6,0.200729500841968,0.137910689922195,0.862089310077805,2.75821379844389,1923.99624494512,189.048052410979,1734.94819253414
"18",3,50,200,20,0.3,2,6,5,10,0.01,0.2,120,6,0.255977900937642,0.177768482693715,0.822231517306285,3.55536965387431,1830.46855937816,243.350859214333,1587.11770016383
"19",1,50,200,20,0.3,2,6,5,10,0.01,0.2,120,7,0.240039508096378,0.153024316955094,0.846975683044906,3.06048633910189,1883.94148906572,211.475109899282,1672.46637916643
"20",2,50,200,20,0.3,2,6,5,10,0.01,0.2,120,7,0.214885744620687,0.136050066424444,0.863949933575556,2.72100132848888,1924.17843099594,188.186645752303,1735.99178524364
"21",3,50,200,20,0.3,2,6,5,10,0.01,0.2,120,7,0.272364606571039,0.174837924309203,0.825162075690797,3.49675848618406,1832.23299973883,241.403112426707,1590.82988731213
"22",1,50,200,20,0.3,2,6,5,10,0.01,0.2,120,8,0.254643170517695,0.150811640830652,0.849188359169348,3.01623281661304,1884.71592570927,210.227603100322,1674.48832260895
"23",2,50,200,20,0.3,2,6,5,10,0.01,0.2,120,8,0.2286010607698,0.134247396174834,0.865752603825166,2.68494792349669,1924.35494245788,187.352069515742,1737.00287294214
"24",3,50,200,20,0.3,2,6,5,10,0.01,0.2,120,8,0.288016285114625,0.172038816372943,0.827961183627057,3.44077632745887,1833.91829597546,239.542731988671,1594.37556398679
"25",1,50,200,20,0.3,2,6,5,10,0.01,0.2,120,9,0.268706747404844,0.148680795847751,0.851319204152249,2.97361591695502,1885.46172145329,209.026232698962,1676.43548875433
"26",2,50,200,20,0.3,2,6,5,10,0.01,0.2,120,9,0.241894341840113,0.132500196034158,0.867499803965842,2.65000392068316,1924.52602247166,186.543174090614,1737.98284838104
"27",3,50,200,20,0.3,2,6,5,10,0.01,0.2,120,9,0.302978614979054,0.169362989869618,0.830637010130382,3.38725979739235,1835.529366516,237.764288500344,1597.76507801566
"28",1,50,200,20,0.3,2,6,5,10,0.01,0.2,120,10,0.282258064516129,0.146627565982405,0.853372434017595,2.93255131964809,1886.18035190616,207.86862170088,1678.31173020528
"29",2,50,200,20,0.3,2,6,5,10,0.01,0.2,120,10,0.25478340044628,0.130806124804432,0.869193875195568,2.61612249608864,1924.69190027957,185.758875580292,1738.93302469927
"30",3,50,200,20,0.3,2,6,5,10,0.01,0.2,120,10,0.317293540474244,0.166802943581357,0.833197056418643,3.33605887162715,1837.07072771872,236.062796402289,1601.00793131644
"31",1,50,200,20,0.3,2,6,5,10,0.01,0.2,120,11,0.295323047251688,0.144648023143684,0.855351976856316,2.89296046287367,1886.87319189971,206.752555448409,1680.1206364513
"32",2,50,200,20,0.3,2,6,5,10,0.01,0.2,120,11,0.26728504495378,0.129162973280993,0.870837026719007,2.58325946561985,1924.85279219957,184.998151196657,1739.85464100291
"33",3,50,200,20,0.3,2,6,5,10,0.01,0.2,120,11,0.330999645515775,0.164351777255003,0.835648222744997,3.28703554510006,1838.54653411105,234.43366955625,1604.1128645548
"34",1,50,200,20,0.3,2,6,5,10,0.01,0.2,120,12,0.307925879788228,0.14273850306239,0.85726149693761,2.85477006124779,1887.54152392816,205.675968026575,1681.86555590159
"35",2,50,200,20,0.3,2,6,5,10,0.01,0.2,120,12,0.279415148880124,0.127568655130761,0.872431344869239,2.55137310261522,1925.00890251845,184.260035037038,1740.74886748141
"36",3,50,200,20,0.3,2,6,5,10,0.01,0.2,120,12,0.34413248333187,0.162003132638116,0.837996867361885,3.24006265276231,1839.9606138908,232.872682055713,1607.08793183509
"37",1,50,200,20,0.3,2,6,5,10,0.01,0.2,120,13,0.320089148478328,0.14089558356389,0.85910441643611,2.81791167127779,1888.18654575264,204.636930013321,1683.54961573932
"38",2,50,200,20,0.3,2,6,5,10,0.01,0.2,120,13,0.291188714610731,0.126021198517757,0.873978801482243,2.52042397035514,1925.1604243118,183.543614207104,1741.6168101047
"39",3,50,200,20,0.3,2,6,5,10,0.01,0.2,120,13,0.356724868098523,0.159751141323662,0.840248858676338,3.19502282647324,1841.31650032805,231.37593356175,1609.9405667663
"40",1,50,200,20,0.3,2,6,5,10,0.01,0.2,120,14,0.331833971299934,0.139116064954555,0.860883935045445,2.78232129909111,1888.80937726591,203.633637421378,1685.17573984453
"41",2,50,200,20,0.3,2,6,5,10,0.01,0.2,120,14,0.302619931965269,0.124518738405441,0.875481261594559,2.49037476810882,1925.3075401978,182.848025257105,1742.4595149407
"42",3,50,200,20,0.3,2,6,5,10,0.01,0.2,120,14,0.368807133534952,0.157590378503436,0.842409621496564,3.15180757006873,1842.61745960939,229.939818566001,1612.67764104339
"43",1,50,200,20,0.3,2,6,5,10,0.01,0.2,120,15,0.343180114913815,0.137396952285786,0.862603047714214,2.74793904571571,1889.41106669997,202.664401698726,1686.74666500125
"44",2,50,200,20,0.3,2,6,5,10,0.01,0.2,120,15,0.313722232093306,0.12305950947295,0.87694049052705,2.461190189459,1925.45042303077,182.172450902327,1743.27797212845
"45",3,50,200,20,0.3,2,6,5,10,0.01,0.2,120,15,0.380407362745506,0.155515821863695,0.844484178136305,3.1103164372739,1843.86651558623,228.560999071341,1615.30551651489
"46",1,50,200,20,0.3,2,6,5,10,0.01,0.2,120,16,0.354146100691017,0.13573543928924,0.86426456071076,2.7147087857848,1889.99259624877,201.727640671273,1688.26495557749
"47",2,50,200,20,0.3,2,6,5,10,0.01,0.2,120,16,0.324508337127865,0.12164183958889,0.87835816041111,2.43283679177779,1925.58923654025,181.516117001669,1744.07311953859
"48",3,50,200,20,0.3,2,6,5,10,0.01,0.2,120,16,0.391551592970242,0.153522814968064,0.846477185031936,3.07045629936128,1845.06647182131,227.236380254941,1617.83009156637
"49",1,50,200,20,0.3,2,6,5,10,0.01,0.2,120,17,0.364749300903947,0.134128893802432,0.865871106197568,2.68257787604864,1890.55488716915,200.821870325811,1689.73301684334
"50",2,50,200,20,0.3,2,6,5,10,0.01,0.2,120,17,0.334990305981136,0.120264143792183,0.879735856207817,2.40528287584367,1925.72413592035,180.878289770988,1744.84584614936
"51",3,50,200,20,0.3,2,6,5,10,0.01,0.2,120,17,0.402263998382858,0.151607034566404,0.848392965433596,3.03214069132808,1846.21993127148,225.963088740651,1620.25684253083
"52",1,50,200,20,0.3,2,6,5,10,0.01,0.2,120,18,0.375006026129297,0.132574844525864,0.867425155474136,2.65149689051728,1891.09880441595,199.945697343682,1691.15310707227
"53",2,50,200,20,0.3,2,6,5,10,0.01,0.2,120,18,0.345179576627289,0.118924918734639,0.881075081265361,2.37849837469278,1925.8552683739,180.25827321018,1745.59699516372
"54",3,50,200,20,0.3,2,6,5,10,0.01,0.2,120,18,0.412567053633831,0.149764461347154,0.850235538652846,2.99528922694308,1847.32931389723,224.73845316003,1622.5908607372
"55",1,50,200,20,0.3,2,6,5,10,0.01,0.2,120,19,0.384931604785282,0.131070968971927,0.868929031028073,2.62141937943854,1891.62516085983,199.097812306372,1692.52734855345
"56",2,50,200,20,0.3,2,6,5,10,0.01,0.2,120,19,0.355087005182529,0.117622737544465,0.882377262455535,2.3524547508893,1925.98277361544,179.655406725169,1746.32736689027
"57",3,50,200,20,0.3,2,6,5,10,0.01,0.2,120,19,0.422481680464244,0.147991353717274,0.852008646282726,2.95982707434547,1848.39687244939,223.559986725624,1624.83688572377
"58",1,50,200,20,0.3,2,6,5,10,0.01,0.2,120,20,0.394540455616654,0.129615082482325,0.870384917517675,2.5923016496465,1892.13472113119,198.276983503535,1693.85773762765
"59",2,50,200,20,0.3,2,6,5,10,0.01,0.2,120,20,0.364722902061642,0.116356245074045,0.883643754925955,2.3271249014809,1926.1067843365,179.06906292778,1747.03772140872
"60",3,50,200,20,0.3,2,6,5,10,0.01,0.2,120,20,0.432027379400261,0.146284224250326,0.853715775749674,2.92568448500652,1849.42470664928,222.425371577575,1626.99933507171
"61",1,50,200,20,0.3,2,6,5,10,0.01,0.2,120,21,0.403846153846154,0.128205128205128,0.871794871794872,2.56410256410256,1892.62820512821,197.482051282051,1695.14615384615
"62",2,50,200,20,0.3,2,6,5,10,0.01,0.2,120,21,0.374097065462754,0.115124153498871,0.884875846501129,2.30248306997742,1926.22742663657,178.498645598194,1747.72878103838
"63",3,50,200,20,0.3,2,6,5,10,0.01,0.2,120,21,0.441222348269994,0.144639818491208,0.855360181508792,2.89279636982416,1850.41477595008,221.33244469654,1629.08233125354
"64",1,50,200,20,0.3,2,6,5,10,0.01,0.2,120,22,0.412861491628615,0.126839167935058,0.873160832064942,2.53678335870117,1893.10629122273,196.711922881786,1696.39436834094
"65",2,50,200,20,0.3,2,6,5,10,0.01,0.2,120,22,0.383218812407575,0.113925238237778,0.886074761762223,2.27850476475555,1926.34482042255,177.94358779615,1748.4012326264
"66",3,50,200,20,0.3,2,6,5,10,0.01,0.2,120,22,0.450083589056005,0.143055095846914,0.856944904153086,2.86110191693828,1851.36891104217,220.279185203054,1631.08972583912
"67",1,50,200,20,0.3,2,6,5,10,0.01,0.2,120,23,0.421598533371875,0.125515373731534,0.874484626268466,2.51030747463068,1893.56961919396,195.965567709839,1697.60405148412
"68",2,50,200,20,0.3,2,6,5,10,0.01,0.2,120,23,0.392097007542547,0.112758334167464,0.887241665832536,2.25516668334927,1926.45907977944,177.403350108397,1749.05572967104
"69",3,50,200,20,0.3,2,6,5,10,0.01,0.2,120,23,0.458627004401219,0.141527212327651,0.858472787672349,2.83054424655302,1852.28882424439,219.263702886701,1633.02512135769
"70",1,50,200,20,0.3,2,6,5,10,0.01,0.2,120,24,0.430068666425732,0.124232020238525,0.875767979761474,2.48464040477051,1894.01879291652,195.242013010481,1698.77677990604
"71",2,50,200,20,0.3,2,6,5,10,0.01,0.2,120,24,0.400740089886817,0.11162233210688,0.88837766789312,2.23244664213761,1926.57031331454,176.877419021082,1749.69289429345
"72",3,50,200,20,0.3,2,6,5,10,0.01,0.2,120,24,0.466867484918659,0.14005350493258,0.85994649506742,2.80107009865159,1853.17611890518,218.284227828357,1634.89189107682
"73",1,50,200,20,0.3,2,6,5,10,0.01,0.2,120,25,0.438282647584973,0.12298747763864,0.87701252236136,2.45974955277281,1894.45438282648,194.540339892666,1699.91404293381
"74",2,50,200,20,0.3,2,6,5,10,0.01,0.2,120,25,0.409156097695511,0.11051617554933,0.88948382445067,2.21032351098661,1926.67862447746,176.365305406822,1750.31331907064
"75",3,50,200,20,0.3,2,6,5,10,0.01,0.2,120,25,0.474818988311464,0.138631477500185,0.861368522499815,2.77262955000371,1854.03229792176,217.339100995873,1636.69319692589
"76",1,50,200,20,0.3,2,6,5,10,0.01,0.2,120,26,0.446250645804118,0.121780205181194,0.878219794818806,2.43560410362388,1894.87692818658,193.859679681157,1701.01724850542
"77",2,50,200,20,0.3,2,6,5,10,0.01,0.2,120,26,0.417352691591155,0.109438857622192,0.890561142377808,2.18877715244384,1926.78411185783,175.866543117154,1750.91756874067
"78",3,50,200,20,0.3,2,6,5,10,0.01,0.2,120,26,0.482494611185735,0.137258787865442,0.862741212134558,2.74517575730885,1854.85877147268,216.426765708302,1638.43200576438
"79",1,50,200,20,0.3,2,6,5,10,0.01,0.2,120,27,0.453982281478882,0.120608745230472,0.879391254769528,2.41217490460945,1895.28693916933,193.19921056094,1702.08772860839
"80",2,50,200,20,0.3,2,6,5,10,0.01,0.2,120,27,0.425337176102084,0.108389418256024,0.891610581743976,2.16778836512048,1926.88686946243,175.38068767193,1751.5061817905
"81",3,50,200,20,0.3,2,6,5,10,0.01,0.2,120,27,0.489906654331715,0.135933236185088,0.864066763814912,2.71866472370177,1855.65686404689,215.545759876483,1640.11110417041
"82",1,50,200,20,0.3,2,6,5,10,0.01,0.2,120,28,0.461486662611869,0.11947171778608,0.880528282213919,2.38943435572161,1895.68489877487,192.558154487792,1703.12674428708
"83",2,50,200,20,0.3,2,6,5,10,0.01,0.2,120,28,0.433116519734082,0.107366941546451,0.892633058453549,2.14733883092903,1926.98698697358,174.907315037955,1752.07967193562
"84",3,50,200,20,0.3,2,6,5,10,0.01,0.2,120,28,0.497066682156134,0.134652754308888,0.865347245691112,2.69305508617776,1856.42782084319,214.694708938831,1641.73311190436
"85",1,50,200,20,0.3,2,6,5,10,0.01,0.2,120,29,0.468772418146862,0.118367815432294,0.881632184567706,2.36735630864587,1896.0712645987,191.935774340727,1704.13549025797
"86",2,50,200,20,0.3,2,6,5,10,0.01,0.2,120,29,0.440697373690182,0.106370553293733,0.893629446706267,2.12741106587466,1927.08454998999,174.446020489888,1752.6385295001
"87",3,50,200,20,0.3,2,6,5,10,0.01,0.2,120,29,0.503985576868196,0.133415396089145,0.866584603910855,2.66830792178291,1857.17281360466,213.872319420716,1643.30049418394
"88",1,50,200,20,0.3,2,6,5,10,0.01,0.2,120,30,0.475847728726807,0.117295798677756,0.882704201322244,2.34591597355513,1896.44647046279,191.331371294519,1705.11509916827
"89",2,50,200,20,0.3,2,6,5,10,0.01,0.2,120,30,0.448086089343386,0.105399418706236,0.894600581293764,2.10798837412472,1927.17964025168,173.99641754703,1753.18322270465
"90",3,50,200,20,0.3,2,6,5,10,0.01,0.2,120,30,0.510673587951779,0.132219328533214,0.867780671466786,2.64438657066428,1857.89294594563,213.077373054125,1644.8155728915
"91",1,50,200,20,0.3,2,6,5,10,0.01,0.2,120,31,0.482720355104629,0.116254491650814,0.883745508349186,2.32508983301628,1896.81092792221,190.744282392729,1706.06664552949
"92",2,50,200,20,0.3,2,6,5,10,0.01,0.2,120,31,0.455288734557844,0.104452740255267,0.895547259744733,2.08905480510534,1927.27233585001,173.55813698018,1753.71419886983
"93",3,50,200,20,0.3,2,6,5,10,0.01,0.2,120,31,0.517140377395518,0.131062823714662,0.868937176285338,2.62125647429323,1858.5892582218,212.308721401555,1646.28053682024
"94",1,50,200,20,0.3,2,6,5,10,0.01,0.2,120,32,0.48939766441303,0.115242778119238,0.884757221880762,2.30485556238476,1897.16502765827,190.173878303626,1706.99114935464
"95",2,50,200,20,0.3,2,6,5,10,0.01,0.2,120,32,0.462311108945782,0.103529755669777,0.896470244330223,2.07059511339553,1927.362711424,173.130825883251,1754.23188554075
"96",3,50,200,20,0.3,2,6,5,10,0.01,0.2,120,32,0.523395061099277,0.129944251368237,0.870055748631763,2.59888502736473,1859.26273198871,211.565280934376,1647.69745105433
"97",1,50,200,20,0.3,2,6,5,10,0.01,0.2,120,33,0.495886654478976,0.114259597806216,0.885740402193784,2.28519195612431,1897.50914076782,189.619561243144,1707.88957952468
"98",2,50,200,20,0.3,2,6,5,10,0.01,0.2,120,33,0.469158758139946,0.102629736060467,0.897370263939533,2.05259472120934,1927.45083834408,172.714146804794,1754.73669153929
"99",3,50,200,20,0.3,2,6,5,10,0.01,0.2,120,33,0.529446246828982,0.128862072102119,0.871137927897881,2.57724144204239,1859.91429408852,210.846028521472,1649.06826556704
"100",1,50,200,20,0.3,2,6,5,10,0.01,0.2,120,34,0.502193976350377,0.113303942977216,0.886696057022784,2.26607885954431,1897.84361995797,189.080763050554,1708.76285690742
"101",2,50,200,20,0.3,2,6,5,10,0.01,0.2,120,34,0.475836987154583,0.101751984163691,0.898248015836309,2.03503968327382,1927.53678488397,172.307776934983,1755.22900794899
"102",3,50,200,20,0.3,2,6,5,10,0.01,0.2,120,34,0.535302069050994,0.127814831168228,0.872185168831772,2.55629662336455,1860.5448204008,210.149997288776,1650.39482311202
"103",1,50,200,20,0.3,2,6,5,10,0.01,0.2,120,35,0.50832595518627,0.112374855274808,0.887625144725192,2.24749710549615,1898.16880065382,188.556943403937,1709.61185724988
"104",2,50,200,20,0.3,2,6,5,10,0.01,0.2,120,35,0.482350872901825,0.100895832696365,0.899104167303635,2.01791665392729,1927.62061638181,171.911407343994,1755.70920903782
"105",3,50,200,20,0.3,2,6,5,10,0.01,0.2,120,35,0.540970220941403,0.126801152737752,0.873198847262248,2.53602305475504,1861.15513928914,209.476272814601,1651.67886647454
"106",1,50,200,20,0.3,2,6,5,10,0.01,0.2,120,36,0.514288609647345,0.111471422780705,0.888528577219295,2.22942845561411,1898.48500202675,188.047588163762,1710.43741386299
"107",2,50,200,20,0.3,2,6,5,10,0.01,0.2,120,36,0.488705275924802,0.100060642813826,0.899939357186174,2.00121285627653,1927.70239539115,171.524742268041,1756.17765312311
"108",3,50,200,20,0.3,2,6,5,10,0.01,0.2,120,36,0.54645798383407,0.125819734634741,0.874180265365259,2.51639469269483,1861.746034772,208.823989629404,1652.9220451426
"109",1,50,200,20,0.3,2,6,5,10,0.01,0.2,120,37,0.520087669910721,0.110592777286254,0.889407222713746,2.21185554572509,1898.79252794981,187.55220783399,1711.24032011582
"110",2,50,200,20,0.3,2,6,5,10,0.01,0.2,120,37,0.494904851403735,0.0992458026632549,0.900754197336745,1.9849160532651,1927.78218182256,171.147498439665,1756.63468338289
"111",3,50,200,20,0.3,2,6,5,10,0.01,0.2,120,37,0.551772254343494,0.124869343485515,0.875130656514485,2.4973868697103,1862.3182494431,208.192327991923,1654.12592145117
"112",1,50,200,20,0.3,2,6,5,10,0.01,0.2,120,38,0.525728594421314,0.109738091754346,0.890261908245654,2.19476183508693,1899.09166788598,187.0703361311,1712.02133175488
"113",2,50,200,20,0.3,2,6,5,10,0.01,0.2,120,38,0.500954059486701,0.0984507260258442,0.901549273974156,1.96901452051688,1927.86003307664,170.779404459098,1757.08062861754
"114",3,50,200,20,0.3,2,6,5,10,0.01,0.2,120,38,0.556919569373994,0.123948810246081,0.876051189753919,2.47897620492163,1862.87248716434,207.580510916554,1655.29197624778
"115",1,50,200,20,0.3,2,6,5,10,0.01,0.2,120,39,0.531216585481763,0.108906577957309,0.891093422042691,2.17813155914617,1899.38269771494,186.601528652331,1712.78116906261
"116",2,50,200,20,0.3,2,6,5,10,0.01,0.2,120,39,0.506857174992591,0.0976748510414994,0.902325148958501,1.95349702082999,1927.93600416885,170.420200203846,1757.51580396501
"117",3,50,200,20,0.3,2,6,5,10,0.01,0.2,120,39,0.561906129205052,0.123057026073612,0.876942973926388,2.46114052147224,1863.40941555151,206.987801429392,1656.42161412212
"118",1,50,200,20,0.3,2,6,5,10,0.01,0.2,120,40,0.536556603773585,0.10809748427673,0.891902515723271,2.16194968553459,1899.66588050314,186.14536163522,1713.52051886792
"119",2,50,200,20,0.3,2,6,5,10,0.01,0.2,120,40,0.512618296529968,0.0969176390102998,0.9030823609897,1.938352780206,1928.01014784691,170.069636273802,1757.94051157311
"120",3,50,200,20,0.3,2,6,5,10,0.01,0.2,120,40,0.566737818823375,0.122192938511468,0.877807061488532,2.44385877022936,1863.92966827122,206.413500032672,1657.51616823855
"121",1,50,200,20,0.3,2,6,5,10,0.01,0.2,120,41,0.541753381893861,0.107310093652445,0.892689906347555,2.14620187304891,1899.94146722164,185.701430801249,1714.2400364204
"122",2,50,200,20,0.3,2,6,5,10,0.01,0.2,120,41,0.518241355072091,0.0961785732654425,0.903821426734557,1.92357146530885,1928.08251470109,169.727473469458,1758.35504123163
"123",3,50,200,20,0.3,2,6,5,10,0.01,0.2,120,41,0.57142022765522,0.121355547960318,0.878644452039682,2.42711095920636,1864.43384716556,205.856942359359,1658.5769048062
"124",1,50,200,20,0.3,2,6,5,10,0.01,0.2,120,42,0.546811436984232,0.106543721669056,0.893456278330944,2.13087443338112,1900.20969741583,185.269350277014,1714.94034713882
"125",2,50,200,20,0.3,2,6,5,10,0.01,0.2,120,42,0.523730122025216,0.0954571581127864,0.904542841887213,1.90914316225573,1928.15315326812,169.39348230095,1758.75967096717
"126",3,50,200,20,0.3,2,6,5,10,0.01,0.2,120,42,0.575958667837296,0.120543904410618,0.879456095589382,2.41087808821235,1864.92252421944,205.317497001444,1659.605027218
"127",1,50,200,20,0.3,2,6,5,10,0.01,0.2,120,43,0.551735082522217,0.105797714769361,0.894202285230639,2.11595429538722,1900.47079983072,184.848751586966,1715.62204824376
"128",2,50,200,20,0.3,2,6,5,10,0.01,0.2,120,43,0.529088216824402,0.0947529178324991,0.905247082167501,1.89505835664998,1928.2221101289,169.067442525853,1759.15466760305
"129",3,50,200,20,0.3,2,6,5,10,0.01,0.2,120,43,0.580358191151124,0.119757104414106,0.880242895585894,2.39514208828212,1865.39624338401,204.794563497095,1660.60167988691
"130",1,50,200,20,0.3,2,6,5,10,0.01,0.2,120,44,0.55652843933875,0.105071448585038,0.894928551414962,2.10142897170076,1900.72499299524,184.439282712244,1716.28571028299
"131",2,50,200,20,0.3,2,6,5,10,0.01,0.2,120,44,0.534319114088414,0.0940653957386531,0.905934604261347,1.88130791477306,1928.28943000059,168.749142713805,1759.54028728679
"132",3,50,200,20,0.3,2,6,5,10,0.01,0.2,120,44,0.584623604733639,0.118994288274163,0.881005711725837,2.37988576548326,1865.85552226826,204.287570463284,1661.56795180498
"133",1,50,200,20,0.3,2,6,5,10,0.01,0.2,120,45,0.561195445920304,0.104364326375712,0.895635673624288,2.08728652751423,1900.9724857685,184.040607210626,1716.93187855787
"134",2,50,200,20,0.3,2,6,5,10,0.01,0.2,120,45,0.539426150362922,0.0933941532929346,0.906605846707065,1.86788306585869,1928.3551558234,168.438379836186,1759.91677598721
"135",3,50,200,20,0.3,2,6,5,10,0.01,0.2,120,45,0.588759485666104,0.118254637436762,0.881745362563238,2.36509274873524,1866.30085370995,203.79597386172,1662.50487984823
"136",1,50,200,20,0.3,2,6,5,10,0.01,0.2,120,46,0.56573986804901,0.103675777568332,0.896324222431668,2.07351555136664,1901.21347785108,183.652403393025,1717.56107445806
"137",2,50,200,20,0.3,2,6,5,10,0.01,0.2,120,46,0.544412530478984,0.0927387692689176,0.907261230731082,1.85477538537835,1928.41932884242,168.1349588792,1760.28436996322
"138",3,50,200,20,0.3,2,6,5,10,0.01,0.2,120,46,0.592770194533779,0.117537372065494,0.882462627934506,2.35074744130988,1866.73270723557,203.31925538713,1663.41345184844
"139",1,50,200,20,0.3,2,6,5,10,0.01,0.2,120,47,0.570165307829648,0.103005256389447,0.896994743610553,2.06010512778895,1901.44816026369,183.27436355237,1718.17379671132
"140",2,50,200,20,0.3,2,6,5,10,0.01,0.2,120,47,0.549281333551787,0.0920988389636204,0.90790116103638,1.84197677927241,1928.48198868481,167.838692478857,1760.64329620596
"141",3,50,200,20,0.3,2,6,5,10,0.01,0.2,120,47,0.596659888040195,0.116841748785658,0.883158251214342,2.33683497571316,1867.15153041864,202.856920967908,1664.29460945073
"142",1,50,200,20,0.3,2,6,5,10,0.01,0.2,120,48,0.57447521214828,0.102352240583594,0.897647759416406,2.04704481167188,1901.67671579574,182.90619324103,1718.77052255471
"143",2,50,200,20,0.3,2,6,5,10,0.01,0.2,120,48,0.554035518642754,0.0914739734533071,0.908526026546693,1.82947946906614,1928.5431734327,167.549400576433,1760.99377285626
"144",3,50,200,20,0.3,2,6,5,10,0.01,0.2,120,48,0.600432530752174,0.116167058583814,0.883832941416186,2.32334117167628,1867.55775014433,202.408499370089,1665.14925077424
"145",1,50,200,20,0.3,2,6,5,10,0.01,0.2,120,49,0.57867288060364,0.10171623021157,0.89828376978843,2.0343246042314,1901.89931942595,182.547610593283,1719.35170883267
"146",2,50,200,20,0.3,2,6,5,10,0.01,0.2,120,49,0.558677930106464,0.0908637988907165,0.909136201109284,1.81727597781433,1928.60291969195,167.266910093105,1761.33600959885
"147",3,50,200,20,0.3,2,6,5,10,0.01,0.2,120,49,0.60409190604479,0.11551262485041,0.88448737514959,2.3102524970082,1867.95177378798,201.973540896411,1665.97823289157
"148",1,50,200,20,0.3,2,6,5,10,0.01,0.2,120,50,0.582761472948961,0.101096746522885,0.898903253477115,2.02193493045769,1902.11613871699,182.198345689602,1719.91779302739
"149",2,50,200,20,0.3,2,6,5,10,0.01,0.2,120,50,0.563211302642228,0.090267955841109,0.909732044158891,1.80535911682218,1928.66126265723,166.991054622572,1761.67020803465
"150",3,50,200,20,0.3,2,6,5,10,0.01,0.2,120,50,0.607641626309269,0.114877801554229,0.885122198445771,2.29755603108458,1868.33399031422,201.551616172992,1666.78237414123
"151",1,50,200,20,0.3,2,6,5,10,0.01,0.2,120,51,0.586744016078933,0.100493330897131,0.899506669102869,2.00986661794263,1902.327334186,181.858139959803,1720.4691942262
"152",2,50,200,20,0.3,2,6,5,10,0.01,0.2,120,51,0.567638266068759,0.0896860986547085,0.910313901345292,1.79372197309417,1928.71823617339,166.721674140508,1761.99656203289
"153",3,50,200,20,0.3,2,6,5,10,0.01,0.2,120,51,0.611085142481216,0.114261971538382,0.885738028461618,2.28523943076763,1868.70477130293,201.142315016793,1667.56245628614
"154",1,50,200,20,0.3,2,6,5,10,0.01,0.2,120,52,0.59062341059362,0.0999055438494514,0.900094456150549,1.99811087698903,1902.53305965269,181.526745622321,1721.00631403037
"155",2,50,200,20,0.3,2,6,5,10,0.01,0.2,120,52,0.571961349839047,0.0891178948732905,0.910882105126709,1.78235789746581,1928.77387279366,166.458614729838,1762.31525806382
"156",3,50,200,20,0.3,2,6,5,10,0.01,0.2,120,52,0.6144257529415,0.113664544928495,0.886335455071505,2.27329089856989,1869.06447190764,200.745245377642,1668.31922652999
"157",1,50,200,20,0.3,2,6,5,10,0.01,0.2,120,53,0.594402436968719,0.0993329640956486,0.900667035904351,1.98665928191297,1902.73346256652,181.203925157127,1721.5295374094
"158",2,50,200,20,0.3,2,6,5,10,0.01,0.2,120,53,0.576182987311333,0.0885630246688279,0.911436975331172,1.77126049337656,1928.82820383451,166.201728320845,1762.62647551367
"159",3,50,200,20,0.3,2,6,5,10,0.01,0.2,120,53,0.617666611837596,0.113084957644543,0.886915042355457,2.26169915289086,1869.41343175151,200.360032349151,1669.05339940236
"160",1,50,200,20,0.3,2,6,5,10,0.01,0.2,120,54,0.598083761359147,0.0987751876728566,0.901224812327143,1.97550375345713,1902.9286843145,180.889450809957,1722.03923350454
"161",2,50,200,20,0.3,2,6,5,10,0.01,0.2,120,54,0.580305519790958,0.0880211803122508,0.911978819687749,1.76042360624502,1928.88125942776,165.950872445228,1762.93038698253
"162",3,50,200,20,0.3,2,6,5,10,0.01,0.2,120,54,0.620810736869045,0.112522670008516,0.887477329991484,2.25045340017033,1869.75197576571,199.986317243327,1669.76565852238
"163",1,50,200,20,0.3,2,6,5,10,0.01,0.2,120,55,0.601669941060904,0.0982318271119843,0.901768172888016,1.96463654223969,1903.11886051081,180.583104125737,1722.53575638507
"164",2,50,200,20,0.3,2,6,5,10,0.01,0.2,120,55,0.58433120035683,0.0874920656705151,0.912507934329485,1.7498413134103,1928.93306856976,165.705910003259,1763.2271585665
"165",3,50,200,20,0.3,2,6,5,10,0.01,0.2,120,55,0.623861016577012,0.111977165440773,0.888022834559227,2.23954330881546,1870.0804149742,199.623756724119,1670.45665825008
"166",1,50,200,20,0.3,2,6,5,10,0.01,0.2,120,56,0.605163429654192,0.0977025106584557,0.902297489341544,1.95405021316911,1903.30412126954,180.284675509237,1723.0194457603
"167",2,50,200,20,0.3,2,6,5,10,0.01,0.2,120,56,0.58826219748531,0.0869753957302987,0.913024604269701,1.73950791460597,1928.98365916808,165.466709043271,1763.5169501248
"168",3,50,200,20,0.3,2,6,5,10,0.01,0.2,120,56,0.626820217174506,0.111447949238538,0.888552050761462,2.22895898477077,1870.3990472293,199.272021995574,1671.12702523372
"169",1,50,200,20,0.3,2,6,5,10,0.01,0.2,120,57,0.608566581849024,0.0971868815380266,0.902813118461973,1.94373763076053,1903.48459146169,179.993963811139,1723.49062765055
"170",2,50,200,20,0.3,2,6,5,10,0.01,0.2,120,57,0.592100598483414,0.0864708961467582,0.913529103853242,1.72941792293516,1929.03305808563,165.233142552744,1763.79991553289
"171",3,50,200,20,0.3,2,6,5,10,0.01,0.2,120,57,0.62969098895084,0.11093454743055,0.88906545256945,2.218690948611,1870.70815790119,198.930798040591,1671.7773598606
"172",1,50,200,20,0.3,2,6,5,10,0.01,0.2,120,58,0.611881658052948,0.0966845972647049,0.903315402735295,1.9336919452941,1903.66039095735,179.710775937841,1723.94961501951
"173",2,50,200,20,0.3,2,6,5,10,0.01,0.2,120,58,0.595848412742444,0.085978302815889,0.914021697184111,1.71956605631778,1929.08129118261,165.005088260329,1764.07620292228
"174",3,50,200,20,0.3,2,6,5,10,0.01,0.2,120,58,0.632475872281067,0.110436505702343,0.889563494297657,2.20873011404685,1871.00802052505,198.599782906634,1672.40823761841
"175",1,50,200,20,0.3,2,6,5,10,0.01,0.2,120,59,0.615110828679034,0.0961953289880252,0.903804671011975,1.9239065797605,1903.83163485419,179.434926483449,1724.39670837074
"176",2,50,200,20,0.3,2,6,5,10,0.01,0.2,120,59,0.599507574822383,0.0854973614691281,0.914502638530872,1.70994722938256,1929.12838335615,164.782428448157,1764.34595490799
"177",3,50,200,20,0.3,2,6,5,10,0.01,0.2,120,59,0.635177303268692,0.109953388387119,0.890046611612881,2.19906776774238,1871.29889740859,198.278687035025,1673.02021037356
"178",1,50,200,20,0.3,2,6,5,10,0.01,0.2,120,60,0.618256178210929,0.095718760877132,0.904281239122868,1.91437521754264,1903.998433693,179.166237382527,1724.83219631048
"179",2,50,200,20,0.3,2,6,5,10,0.01,0.2,120,60,0.603079947376717,0.0850278272889309,0.914972172711069,1.70055654577862,1929.17435857796,164.565049773865,1764.60930880409
"180",3,50,200,20,0.3,2,6,5,10,0.01,0.2,120,60,0.637797619047619,0.109484777517564,0.890515222482436,2.18969555035129,1871.58104020297,197.967232630757,1673.61380757221
"181",1,50,200,20,0.3,2,6,5,10,0.01,0.2,120,61,0.621319709040526,0.0952545895393142,0.904745410460686,1.90509179078628,1904.16089366124,178.904537582265,1725.25635607897
"182",2,50,200,20,0.3,2,6,5,10,0.01,0.2,120,61,0.606567323926676,0.0845694645441389,0.915430535455861,1.69138929088278,1929.21923993005,164.352843101785,1764.86639682827
"183",3,50,200,20,0.3,2,6,5,10,0.01,0.2,120,61,0.640339062767231,0.109030271934325,0.890969728065675,2.18060543868651,1871.85469043954,197.66515306995,1674.18953736959
"184",1,50,200,20,0.3,2,6,5,10,0.01,0.2,120,62,0.624303345092677,0.0948025234708066,0.905197476529193,1.89605046941613,1904.31911678522,178.649662732841,1725.66945405238
"185",2,50,200,20,0.3,2,6,5,10,0.01,0.2,120,62,0.609971431493314,0.0841220462440331,0.915877953755967,1.68244092488066,1929.26304963861,164.145703342779,1765.11734629583
"186",3,50,200,20,0.3,2,6,5,10,0.01,0.2,120,62,0.642803788282633,0.108589486447219,0.891410513552781,2.17178972894438,1872.1200800349,197.37219234237,1674.74788769253
"187",1,50,200,20,0.3,2,6,5,10,0.01,0.2,120,63,0.627208935250317,0.0943622825378307,0.905637717462169,1.88724565075661,1904.47320111176,178.401454894829,1726.07174621693
"188",2,50,200,20,0.3,2,6,5,10,0.01,0.2,120,63,0.613293933095275,0.0836853538100405,0.91631464618996,1.67370707620081,1929.3058091061,163.943529302255,1765.36227980385
"189",3,50,200,20,0.3,2,6,5,10,0.01,0.2,120,63,0.645193864570315,0.108162051045547,0.891837948954453,2.16324102091094,1872.37743176633,197.088104526572,1675.28932723975
"190",1,50,200,20,0.3,2,6,5,10,0.01,0.2,120,64,0.63003825659243,0.0939335974859954,0.906066402514005,1.87867194971991,1904.6232408799,178.159762262604,1726.4634786173
"191",2,50,200,20,0.3,2,6,5,10,0.01,0.2,120,64,0.616536430119578,0.0832591767641298,0.91674082323587,1.6651835352826,1929.34753894185,163.7462235359,1765.60131540595
"192",3,50,200,20,0.3,2,6,5,10,0.01,0.2,120,64,0.647511279887958,0.107747610154166,0.892252389845834,2.15495220308331,1872.62695971968,196.812653295464,1675.81430642422
"193",1,50,200,20,0.3,2,6,5,10,0.01,0.2,120,65,0.632793017456359,0.0935162094763092,0.906483790523691,1.87032418952618,1904.76932668329,177.924438902743,1726.84488778055
"194",2,50,200,20,0.3,2,6,5,10,0.01,0.2,120,65,0.619700464572301,0.0828433124329943,0.917156687567006,1.65686624865989,1929.38825899094,163.553692212729,1765.83456677821
"195",3,50,200,20,0.3,2,6,5,10,0.01,0.2,120,65,0.649757945695643,0.107345821932225,0.892654178067775,2.1469164386445,1872.86886971164,196.545611450221,1676.32325826142
"196",1,50,200,20,0.3,2,6,5,10,0.01,0.2,120,66,0.635474860335196,0.0931098696461825,0.906890130353817,1.86219739292365,1904.91154562384,177.695344506518,1727.21620111732
"197",2,50,200,20,0.3,2,6,5,10,0.01,0.2,120,66,0.62278752121555,0.0824375656671785,0.917562434332822,1.64875131334357,1929.42798836176,163.365844985048,1766.06214337671
"198",3,50,200,20,0.3,2,6,5,10,0.01,0.2,120,66,0.651935700354424,0.106956357611727,0.893043642388272,2.13912715223455,1873.10335968794,196.286760480674,1676.81659920726
"199",1,50,200,20,0.3,2,6,5,10,0.01,0.2,120,67,0.638085364620208,0.0927143386939078,0.907285661306092,1.85428677387816,1905.04998145713,177.472344155625,1727.57763730151
"200",2,50,200,20,0.3,2,6,5,10,0.01,0.2,120,67,0.625799029596743,0.0820417485743601,0.91795825142564,1.6408349714872,1929.46674545209,163.182594864976,1766.28415058712
"201",3,50,200,20,0.3,2,6,5,10,0.01,0.2,120,67,0.654046312617004,0.106578900873263,0.893421099126737,2.13157801746526,1873.33062009922,196.0358901504,1677.29472994882
"202",1,50,200,20,0.3,2,6,5,10,0.01,0.2,120,68,0.640626049197574,0.0923293864852161,0.907670613514784,1.84658772970432,1905.18471473017,177.255308100365,1727.92940662981
"203",2,50,200,20,0.3,2,6,5,10,0.01,0.2,120,68,0.62873636597581,0.081655680266049,0.918344319733951,1.63311360532098,1929.50454797395,163.003858107172,1766.50068986678
"204",3,50,200,20,0.3,2,6,5,10,0.01,0.2,120,68,0.65609148492417,0.106213147256482,0.893786852743518,2.12426294512964,1873.55083425599,195.7927981049,1677.75803615109
"205",1,50,200,20,0.3,2,6,5,10,0.01,0.2,120,69,0.643098374908045,0.0919547916805992,0.908045208319401,1.83909583361198,1905.31582291179,177.044111549522,1728.27171136227
"206",2,50,200,20,0.3,2,6,5,10,0.01,0.2,120,69,0.631600855155563,0.0812791866170124,0.918720813382988,1.62558373234025,1929.54141297708,162.829554097456,1766.71185887963
"207",3,50,200,20,0.3,2,6,5,10,0.01,0.2,120,69,0.658072856519619,0.105858803603049,0.894141196396951,2.11717607206097,1873.764178664,195.557289501373,1678.20688916262
"208",1,50,200,20,0.3,2,6,5,10,0.01,0.2,120,70,0.645503746877602,0.0915903413821815,0.908409658617818,1.83180682764363,1905.44338051624,176.838634471274,1728.60474604496
"209",2,50,200,20,0.3,2,6,5,10,0.01,0.2,120,70,0.634393772220179,0.0809121000367782,0.919087899963222,1.61824200073556,1929.5773568714,162.659605247027,1766.91775162437
"210",3,50,200,20,0.3,2,6,5,10,0.01,0.2,120,70,0.659992006394884,0.105515587529976,0.894484412470024,2.11031175059952,1873.97082334133,195.329176658673,1678.64164668265
"211",1,50,200,20,0.3,2,6,5,10,0.01,0.2,120,71,0.647843516726569,0.0912358307990047,0.908764169200995,1.82471661598009,1905.56745922035,176.638761404479,1728.92869781587
"212",2,50,200,20,0.3,2,6,5,10,0.01,0.2,120,71,0.63711634418638,0.0805542592526115,0.919445740747388,1.61108518505223,1929.61239544818,162.493936891984,1767.1184585562
"213",3,50,200,20,0.3,2,6,5,10,0.01,0.2,120,71,0.661850456075222,0.105183226931406,0.894816773068594,2.10366453862812,1874.17093211838,195.108278726177,1679.06265339221
"214",1,50,200,20,0.3,2,6,5,10,0.01,0.2,120,72,0.650118984664199,0.0908910629296669,0.909108937070333,1.81782125859334,1905.68812797462,176.444381279746,1729.24374669487
"215",2,50,200,20,0.3,2,6,5,10,0.01,0.2,120,72,0.639769751571656,0.0802055091033967,0.919794490896603,1.60411018206793,1929.64654390029,162.332477197903,1767.31406670239
"216",3,50,200,20,0.3,2,6,5,10,0.01,0.2,120,72,0.663649672256536,0.104861459507028,0.895138540492972,2.09722919014056,1874.36466292181,194.894421370354,1679.47024155146
"217",1,50,200,20,0.3,2,6,5,10,0.01,0.2,120,73,0.652331401475237,0.0905558482613277,0.909444151738672,1.81111696522655,1905.80545310854,176.255387249737,1729.5500658588
"218",2,50,200,20,0.3,2,6,5,10,0.01,0.2,120,73,0.642355129883552,0.0798657003438923,0.920134299656108,1.59731400687785,1929.67981684133,162.175157069211,1767.50465977212
"219",3,50,200,20,0.3,2,6,5,10,0.01,0.2,120,73,0.665391069302694,0.104550032315465,0.895449967684535,2.09100064630929,1874.5521680434,194.687436477935,1679.86473156546
"220",1,50,200,20,0.3,2,6,5,10,0.01,0.2,120,74,0.654481970404558,0.0902300044841578,0.909769995515842,1.80460008968316,1905.91949843054,176.071676528168,1729.84782190238
"221",2,50,200,20,0.3,2,6,5,10,0.01,0.2,120,74,0.644873571033834,0.0795346894588607,0.920465310541139,1.59069378917721,1929.71222832382,162.021910063137,1767.69031826068
"222",3,50,200,20,0.3,2,6,5,10,0.01,0.2,120,74,0.66707601161193,0.104248701351071,0.895751298648929,2.08497402702141,1874.73359439488,194.487161874633,1680.24643252024
"223",1,50,200,20,0.3,2,6,5,10,0.01,0.2,120,75,0.656571848945561,0.0899133562203695,0.910086643779631,1.79826712440739,1906.03032532287,175.893150237044,1730.13717508583
"224",2,50,200,20,0.3,2,6,5,10,0.01,0.2,120,75,0.647326124681068,0.0792123384866066,0.920787661513393,1.58424676973213,1929.74379185652,161.872672308016,1767.8711195485
"225",3,50,200,20,0.3,2,6,5,10,0.01,0.2,120,75,0.668705815860427,0.103957231142696,0.896042768857304,2.07914462285391,1874.9090837495,194.293441058474,1680.61564269103
"226",1,50,200,20,0.3,2,6,5,10,0.01,0.2,120,76,0.658602150537634,0.0896057347670251,0.910394265232975,1.7921146953405,1906.13799283154,175.719713261649,1730.41827956989
"227",2,50,200,20,0.3,2,6,5,10,0.01,0.2,120,76,0.64971379950495,0.0788985148514851,0.921101485148515,1.5779702970297,1929.77452042079,161.727382425742,1768.04713799505
"228",3,50,200,20,0.3,2,6,5,10,0.01,0.2,120,76,0.67028175313059,0.103675394373069,0.896324605626931,2.07350788746138,1875.07877297121,194.106122946821,1680.97265002439
"229",1,50,200,20,0.3,2,6,5,10,0.01,0.2,120,77,0.660573946177661,0.0893069778518695,0.910693022148131,1.78613955703739,1906.24255775185,175.551274112884,1730.69128363896
"230",2,50,200,20,0.3,2,6,5,10,0.01,0.2,120,77,0.652037564415514,0.0785930912049707,0.921406908795029,1.57186182409941,1929.80442648618,161.585981458195,1768.21844502799
"231",3,50,200,20,0.3,2,6,5,10,0.01,0.2,120,77,0.671805050931032,0.10340297151755,0.89659702848245,2.068059430351,1875.24279423214,193.925061636281,1681.31773259586
"232",1,50,200,20,0.3,2,6,5,10,0.01,0.2,120,78,0.662488265950215,0.0890169294014826,0.910983070598517,1.78033858802965,1906.34407470948,175.387744796556,1730.95632991293
"233",2,50,200,20,0.3,2,6,5,10,0.01,0.2,120,78,0.654298349700117,0.0782959452749025,0.921704054725098,1.56591890549805,1929.83352202517,161.448412797437,1768.38510922773
"234",3,50,200,20,0.3,2,6,5,10,0.01,0.2,120,78,0.673276895114779,0.103139750501083,0.896860249498917,2.06279501002165,1875.40127521914,193.750116174703,1681.65115904444
"235",1,50,200,20,0.3,2,6,5,10,0.01,0.2,120,79,0.664346100480785,0.0887354393210932,0.911264560678907,1.77470878642186,1906.44259623762,175.229040689232,1731.21355554838
"236",2,50,200,20,0.3,2,6,5,10,0.01,0.2,120,79,0.656497048110966,0.0780069597225455,0.921993040277455,1.56013919445091,1929.86181852717,161.314622119548,1768.54719640762
"237",3,50,200,20,0.3,2,6,5,10,0.01,0.2,120,79,0.6746984317018,0.102885526372256,0.897114473627744,2.05771052744513,1875.55433933004,193.581150344547,1681.97318898549
"238",1,50,200,20,0.3,2,6,5,10,0.01,0.2,120,80,0.666148402316105,0.0884623632854386,0.911537636714561,1.76924726570877,1906.5381728501,175.07508042033,1731.46309242977
"239",2,50,200,20,0.3,2,6,5,10,0.01,0.2,120,80,0.658634515895733,0.0777260220071324,0.922273977992867,1.55452044014265,1929.8893270118,161.184557321902,1768.7047696899
"240",3,50,200,20,0.3,2,6,5,10,0.01,0.2,120,80,0.676070768611522,0.102640100993468,0.897359899006532,2.05280201986937,1875.70210586018,193.418032456959,1682.28407340322
"241",1,50,200,20,0.3,2,6,5,10,0.01,0.2,120,81,0.667896087235407,0.0881975625400898,0.91180243745991,1.7639512508018,1906.63085311097,174.925785760103,1731.70506735087
"242",2,50,200,20,0.3,2,6,5,10,0.01,0.2,120,81,0.66071157377366,0.0774530242575692,0.922546975742431,1.54906048515138,1929.91605804145,161.058168463779,1768.85788957767
"243",3,50,200,20,0.3,2,6,5,10,0.01,0.2,120,81,0.677394977310645,0.102403282746233,0.897596717253767,2.04806565492467,1875.84469017987,193.260635155905,1682.58405502397
"244",1,50,200,20,0.3,2,6,5,10,0.01,0.2,120,82,0.669590035496146,0.0879409037127051,0.912059096287295,1.7588180742541,1906.72068370055,174.781081513223,1731.93960218733
"245",2,50,200,20,0.3,2,6,5,10,0.01,0.2,120,82,0.662729007859403,0.0771878631510094,0.922812136848991,1.54375726302019,1929.94202173313,160.935407710146,1769.00661402299
"246",3,50,200,20,0.3,2,6,5,10,0.01,0.2,120,82,0.678672094381182,0.102174886250757,0.897825113749243,2.04349772501514,1875.98220390319,193.108835231795,1682.87336867139
"247",1,50,200,20,0.3,2,6,5,10,0.01,0.2,120,83,0.67123109301757,0.0876922586337015,0.912307741366298,1.75384517267403,1906.8077094782,174.640895417681,1732.16681406052
"248",2,50,200,20,0.3,2,6,5,10,0.01,0.2,120,83,0.664687570536711,0.0769304397980226,0.923069560201977,1.53860879596045,1929.96722776978,160.816229278491,1769.15099849129
"249",3,50,200,20,0.3,2,6,5,10,0.01,0.2,120,83,0.679903123013382,0.101954732098948,0.898045267901052,2.03909464197896,1876.11475504876,192.962513444031,1683.15224160473
"250",1,50,200,20,0.3,2,6,5,10,0.01,0.2,120,84,0.672820072505247,0.0874515041658716,0.912548495834128,1.74903008331743,1906.89197354194,174.505158048718,1732.38681549323
"251",2,50,200,20,0.3,2,6,5,10,0.01,0.2,120,84,0.666587981283905,0.0766806596340979,0.923319340365902,1.53361319268196,1929.99168541083,160.700589388599,1769.29109602223
"252",3,50,200,20,0.3,2,6,5,10,0.01,0.2,120,84,0.681089034427825,0.101742646600091,0.898257353399909,2.03485293200182,1876.24244819286,192.821554351974,1683.42089384089
"253",1,50,200,20,0.3,2,6,5,10,0.01,0.2,120,85,0.674357754519505,0.0872185220424992,0.912781477957501,1.74437044084998,1906.97351728513,174.373802727561,1732.59971455756
"254",2,50,200,20,0.3,2,6,5,10,0.01,0.2,120,85,0.668430927452978,0.0764384323172426,0.923561567682757,1.52876864634485,1930.01540350227,160.588446215139,1769.42695728713
"255",3,50,200,20,0.3,2,6,5,10,0.01,0.2,120,85,0.682230769230769,0.101538461538462,0.898461538461539,2.03076923076923,1876.36538461538,192.685846153846,1683.67953846154
"256",1,50,200,20,0.3,2,6,5,10,0.01,0.2,120,86,0.675844888490536,0.0869931987135552,0.913006801286445,1.7398639742711,1907.05238045026,174.246765434702,1732.80561501555
"257",2,50,200,20,0.3,2,6,5,10,0.01,0.2,120,86,0.670217065004041,0.0762036716314513,0.923796328368549,1.52407343262903,1930.03839048609,160.479759842974,1769.55863064311
"258",3,50,200,20,0.3,2,6,5,10,0.01,0.2,120,86,0.683329238706507,0.101342013942204,0.898657986057796,2.02684027884409,1876.48366243896,192.55528053312,1683.92838190584
"259",1,50,200,20,0.3,2,6,5,10,0.01,0.2,120,87,0.677282193682749,0.0867754251995835,0.913224574800416,1.73550850399167,1907.12860118015,174.123984727525,1733.00461645262
"260",2,50,200,20,0.3,2,6,5,10,0.01,0.2,120,87,0.671947019196677,0.0759762953958365,0.924023704604164,1.51952590791673,1930.06065440916,160.374492225092,1769.68616218407
"261",3,50,200,20,0.3,2,6,5,10,0.01,0.2,120,87,0.684385326050307,0.101153145862836,0.898846854137164,2.02306291725673,1876.59737676175,192.42975251197,1684.16762424978
"262",1,50,200,20,0.3,2,6,5,10,0.01,0.2,120,88,0.678670360110803,0.0865650969529086,0.913434903047091,1.73130193905817,1907.20221606648,174.00540166205,1733.19681440443
"263",2,50,200,20,0.3,2,6,5,10,0.01,0.2,120,88,0.673621385239716,0.0757562253792267,0.924243774620773,1.51512450758453,1930.08220293162,160.272607143069,1769.80959578855
"264",3,50,200,20,0.3,2,6,5,10,0.01,0.2,120,88,0.685399887545239,0.100971704164786,0.899028295835214,2.01943408329572,1876.70661978412,192.309160311389,1684.39745947273
"265",1,50,200,20,0.3,2,6,5,10,0.01,0.2,120,89,0.680010049409597,0.0863621137258186,0.913637886274181,1.72724227451637,1907.27326019596,173.890959718617,1733.38230047735
"266",2,50,200,20,0.3,2,6,5,10,0.01,0.2,120,89,0.675240728900772,0.0755433872200518,0.924456612779948,1.51086774440104,1930.1030433347,160.174070169977,1769.92897316473
"267",3,50,200,20,0.3,2,6,5,10,0.01,0.2,120,89,0.686373753686027,0.100797540324406,0.899202459675594,2.01595080648813,1876.81148092968,192.193405217611,1684.61807571207
"268",1,50,200,20,0.3,2,6,5,10,0.01,0.2,120,90,0.681301895660348,0.0861663794454019,0.913833620554598,1.72332758890804,1907.34176719411,173.780604731318,1733.56116246279
"269",2,50,200,20,0.3,2,6,5,10,0.01,0.2,120,90,0.67680558707683,0.0753377103513476,0.924662289648652,1.50675420702695,1930.1231825281,160.078848635662,1770.04433389244
"270",3,50,200,20,0.3,2,6,5,10,0.01,0.2,120,90,0.687307730252832,0.100630510237944,0.899369489762056,2.01261020475887,1876.9120469609,192.082391454479,1684.82965550643
"271",1,50,200,20,0.3,2,6,5,10,0.01,0.2,120,91,0.682546506174769,0.085977802094732,0.914022197905268,1.71955604189464,1907.40776926684,173.67428482101,1733.73348444583
"272",2,50,200,20,0.3,2,6,5,10,0.01,0.2,120,91,0.678316468327049,0.0751391279307273,0.924860872069273,1.50278255861455,1930.14262705678,159.986911594329,1770.15571546245
"273",3,50,200,20,0.3,2,6,5,10,0.01,0.2,120,91,0.688202599337719,0.100470474037964,0.899529525962036,2.00940948075928,1877.00840208964,191.976026061432,1685.03237602821
"274",1,50,200,20,0.3,2,6,5,10,0.01,0.2,120,92,0.683744462239231,0.0857962936001165,0.914203706399884,1.71592587200233,1907.47129723996,173.571950331746,1733.89934690821
"275",2,50,200,20,0.3,2,6,5,10,0.01,0.2,120,92,0.679773853368873,0.0749475767751754,0.925052423224825,1.49895153550351,1930.16138310743,159.898229794347,1770.26315331308
"276",3,50,200,20,0.3,2,6,5,10,0.01,0.2,120,92,0.689059120326394,0.100317295917783,0.899682704082217,2.00634591835567,1877.10062808283,191.874218776823,1685.22640930601
"277",1,50,200,20,0.3,2,6,5,10,0.01,0.2,120,93,0.684896319820661,0.0856217697241422,0.914378230275858,1.71243539448284,1907.53238059655,173.473553770471,1734.05882682608
"278",2,50,200,20,0.3,2,6,5,10,0.01,0.2,120,93,0.681178195538421,0.074762997300536,0.925237002699464,1.49525994601072,1930.17945651432,159.812775650238,1770.36668086408
"279",3,50,200,20,0.3,2,6,5,10,0.01,0.2,120,93,0.689878030837621,0.100170843963466,0.899829156036534,2.00341687926931,1877.18880436366,191.776881926251,1685.41192243741
"280",1,50,200,20,0.3,2,6,5,10,0.01,0.2,120,94,0.686002610235853,0.0854541499642646,0.914545850035735,1.70908299928529,1907.59104751251,173.379049749852,1734.21199776265
"281",2,50,200,20,0.3,2,6,5,10,0.01,0.2,120,94,0.682529921216084,0.0745853334655749,0.925414666534425,1.4917066693115,1930.19685276483,159.730523216779,1770.46632954805
"282",3,50,200,20,0.3,2,6,5,10,0.01,0.2,120,94,0.690660047622597,0.100030989992978,0.899969010007022,2.00061979985956,1877.27300810839,191.683930315666,1685.58907779273
"283",1,50,200,20,0.3,2,6,5,10,0.01,0.2,120,95,0.687063840785733,0.0852933574567072,0.914706642543293,1.70586714913414,1907.64732489015,173.288394934092,1734.35892995606
"284",2,50,200,20,0.3,2,6,5,10,0.01,0.2,120,95,0.683829430218136,0.0744145327205077,0.925585467279492,1.48829065441015,1930.21357700445,159.651448165171,1770.56212883928
"285",3,50,200,20,0.3,2,6,5,10,0.01,0.2,120,95,0.691405867426435,0.099897609402128,0.900102390597872,1.99795218804256,1877.35331433914,191.595281128968,1685.75803321017
"286",1,50,200,20,0.3,2,6,5,10,0.01,0.2,120,96,0.688080495356037,0.0851393188854489,0.914860681114551,1.70278637770898,1907.70123839009,173.201547987616,1734.49969040248
"287",2,50,200,20,0.3,2,6,5,10,0.01,0.2,120,96,0.685077096155119,0.0742505459598967,0.925749454040103,1.48501091919794,1930.22963404143,159.575527761234,1770.65410628019
"288",3,50,200,20,0.3,2,6,5,10,0.01,0.2,120,96,0.692116167813761,0.099770581016913,0.900229418983087,1.99541162033826,1877.42979601273,191.510853829874,1685.91894218286
"289",1,50,200,20,0.3,2,6,5,10,0.01,0.2,120,97,0.689053034985783,0.0849919643960935,0.915008035603907,1.69983928792187,1907.75281246137,173.118469526517,1734.63434293485
"290",2,50,200,20,0.3,2,6,5,10,0.01,0.2,120,97,0.686273266757639,0.0740933274798284,0.925906672520172,1.48186654959657,1930.24502835093,159.502740845578,1770.74228750536
"291",3,50,200,20,0.3,2,6,5,10,0.01,0.2,120,97,0.69279160796033,0.0996497869519528,0.900350213048047,1.99299573903906,1877.50252410601,191.430570067833,1686.07195403818
"292",1,50,200,20,0.3,2,6,5,10,0.01,0.2,120,98,0.689981898404797,0.0848512275144247,0.915148772485575,1.69702455028849,1907.80207036995,173.039122072633,1734.76294829732
"293",2,50,200,20,0.3,2,6,5,10,0.01,0.2,120,98,0.687418264170202,0.0739428349392943,0.926057165060705,1.47885669878589,1930.25976407886,159.433067815729,1770.82669626313
"294",3,50,200,20,0.3,2,6,5,10,0.01,0.2,120,98,0.69343282941243,0.0995351124746771,0.900464887525323,1.99070224949354,1877.57156769754,191.354353587753,1686.21721410979
"295",1,50,200,20,0.3,2,6,5,10,0.01,0.2,120,99,0.690867502541511,0.084717045069468,0.915282954930532,1.69434090138936,1907.84903422569,172.963470010166,1734.88556421552
"296",2,50,200,20,0.3,2,6,5,10,0.01,0.2,120,99,0.688512385213569,0.0737990293257084,0.926200970674292,1.47598058651417,1930.27384504519,159.366490610159,1770.90735443503
"297",3,50,200,20,0.3,2,6,5,10,0.01,0.2,120,99,0.69404045681578,0.0994264458749722,0.900573554125028,1.98852891749944,1877.63699404611,191.282130143369,1686.35486390274
"298",1,50,200,20,0.3,2,6,5,10,0.01,0.2,120,100,0.691710243002153,0.0845893571208859,0.915410642879114,1.69178714241772,1907.89372500769,172.891479544755,1735.00224546293
"299",2,50,200,20,0.3,2,6,5,10,0.01,0.2,120,100,0.689555901616097,0.0736618749244998,0.9263381250755,1.47323749849,1930.28727474698,159.302992694213,1770.98428205276
"300",3,50,200,20,0.3,2,6,5,10,0.01,0.2,120,100,0.694615098615488,0.0993236783400021,0.900676321659998,1.98647356680004,1877.69886866612,191.213827414043,1686.48504125208
"301",1,50,200,20,0.3,2,6,5,10,0.01,0.2,120,101,0.692510494522371,0.0844681068905498,0.91553189310945,1.689362137811,1907.93616258831,172.823118664892,1735.11304392342
"302",2,50,200,20,0.3,2,6,5,10,0.01,0.2,120,101,0.690549060214434,0.0735313392927359,0.926468660707264,1.47062678585472,1930.30005636092,159.242559047894,1771.05749731303
"303",3,50,200,20,0.3,2,6,5,10,0.01,0.2,120,101,0.695157347728575,0.0992267038339359,0.900773296166064,1.98453407667872,1877.75725539998,191.149374924828,1686.60788047516
"304",1,50,200,20,0.3,2,6,5,10,0.01,0.2,120,102,0.693268611392288,0.0843532406981381,0.915646759301862,1.68706481396276,1907.97636575565,172.75835710561,1735.21800865004
"305",2,50,200,20,0.3,2,6,5,10,0.01,0.2,120,102,0.691492083123863,0.0734073932367321,0.926592606763268,1.46814786473464,1930.31219274557,159.185176155499,1771.12701659007
"306",3,50,200,20,0.3,2,6,5,10,0.01,0.2,120,102,0.695667782190472,0.0991354189823299,0.90086458101767,1.9827083796466,1877.81221648772,191.088703969622,1686.7235125181
"307",1,50,200,20,0.3,2,6,5,10,0.01,0.2,120,103,0.693984927855895,0.0842447079006219,0.915755292099378,1.68489415801244,1908.01435223478,172.697166314371,1735.31718592041
"308",2,50,200,20,0.3,2,6,5,10,0.01,0.2,120,103,0.692385167878543,0.0732900107936197,0.92670998920638,1.46580021587239,1930.32368644312,159.130831997086,1771.19285444604
"309",3,50,200,20,0.3,2,6,5,10,0.01,0.2,120,103,0.69614696577682,0.0990497229609264,0.900950277039074,1.98099445921853,1877.86381263394,191.031747537264,1686.83206509668
"310",1,50,200,20,0.3,2,6,5,10,0.01,0.2,120,104,0.69465975848564,0.0841424608355092,0.915857539164491,1.68284921671018,1908.05013870757,172.63951941906,1735.41061928851
"311",2,50,200,20,0.3,2,6,5,10,0.01,0.2,120,104,0.693228487541801,0.0731791692168498,0.92682083078315,1.463583384337,1930.33453968085,159.079516041761,1771.25502363909
"312",3,50,200,20,0.3,2,6,5,10,0.01,0.2,120,104,0.69659544860183,0.0989695173886443,0.901030482611356,1.97939034777289,1877.91210307225,190.978440240406,1686.93366283185
"313",1,50,200,20,0.3,2,6,5,10,0.01,0.2,120,105,0.695293398533007,0.0840464547677262,0.915953545232274,1.68092909535452,1908.0837408313,172.585391198044,1735.49834963325
"314",2,50,200,20,0.3,2,6,5,10,0.01,0.2,120,105,0.694022190786577,0.0730748489656196,0.92692515103438,1.46149697931239,1930.34475437212,159.031219242783,1771.31353512933
"315",3,50,200,20,0.3,2,6,5,10,0.01,0.2,120,105,0.697013767694396,0.0988947062245491,0.901105293775451,1.97789412449098,1877.9571456273,190.928718247043,1687.02842738026
"316",1,50,200,20,0.3,2,6,5,10,0.01,0.2,120,106,0.695886124255839,0.0839566478400244,0.916043352159976,1.67913295680049,1908.11517325599,172.534758052206,1735.58041520379
"317",2,50,200,20,0.3,2,6,5,10,0.01,0.2,120,106,0.694766401946054,0.0729770336982184,0.927022966301781,1.45954067396437,1930.35433211705,158.985934034485,1771.36839808256
"318",3,50,200,20,0.3,2,6,5,10,0.01,0.2,120,106,0.697402447553063,0.0988251956686027,0.901174804331397,1.97650391337205,1877.99899677453,190.882519214542,1687.11647755999
"319",1,50,200,20,0.3,2,6,5,10,0.01,0.2,120,107,0.696438193223061,0.0838730010268089,0.916126998973191,1.67746002053618,1908.14444964062,172.487597978915,1735.6568516617
"320",2,50,200,20,0.3,2,6,5,10,0.01,0.2,120,107,0.695461221034426,0.0728857102692977,0.927114289730702,1.45771420538595,1930.3632742028,158.943654331009,1771.41961987179
"321",3,50,200,20,0.3,2,6,5,10,0.01,0.2,120,107,0.69776200068094,0.0987608940660019,0.901239105933998,1.97521788132004,1878.03771169776,190.839782226067,1687.19792947169
"322",1,50,200,20,0.3,2,6,5,10,0.01,0.2,120,108,0.696949844597477,0.0837954780912914,0.916204521908709,1.67590956182583,1908.17158266805,172.44389054787,1735.72769212018
"323",2,50,200,20,0.3,2,6,5,10,0.01,0.2,120,108,0.696106723737703,0.0728008687310795,0.927199131268921,1.45601737462159,1930.37158160342,158.904375526865,1771.46720607655
"324",3,50,200,20,0.3,2,6,5,10,0.01,0.2,120,108,0.698092928101521,0.0987017118149292,0.901298288185071,1.97403423629858,1878.07334434476,190.800447729262,1687.2728966155
"325",1,50,200,20,0.3,2,6,5,10,0.01,0.2,120,109,0.697421299397187,0.0837240455458808,0.916275954454119,1.67448091091762,1908.19658405894,172.403616878768,1735.79296718017
"326",2,50,200,20,0.3,2,6,5,10,0.01,0.2,120,109,0.69670296137437,0.0727225023385275,0.927277497661473,1.45445004677055,1930.37925497935,158.868094499327,1771.51116048003
"327",3,50,200,20,0.3,2,6,5,10,0.01,0.2,120,109,0.6983957198564,0.098647561277544,0.901352438722456,1.97295122555088,1878.10594748081,190.764457477098,1687.34149000371
"328",1,50,200,20,0.3,2,6,5,10,0.01,0.2,120,110,0.697852760736196,0.0836586726157279,0.916341327384272,1.67317345231456,1908.21946458449,172.366759620747,1735.85270496375
"329",2,50,200,20,0.3,2,6,5,10,0.01,0.2,120,110,0.697249960825653,0.0726506075585122,0.927349392441488,1.45301215117024,1930.38629467656,158.834809612673,1771.55148506389
"330",3,50,200,20,0.3,2,6,5,10,0.01,0.2,120,110,0.698670855485742,0.0985983566940551,0.901401643305945,1.9719671338811,1878.13557274045,190.731754470759,1687.4038182697
"331",1,50,200,20,0.3,2,6,5,10,0.01,0.2,120,111,0.698244414044688,0.0835993312053504,0.91640066879465,1.67198662410701,1908.24023407813,172.333302933577,1735.90693114455
"332",2,50,200,20,0.3,2,6,5,10,0.01,0.2,120,111,0.697747724435071,0.0725851840830136,0.927414815916986,1.45170368166027,1930.39270072521,158.804520724299,1771.58818000091
"333",3,50,200,20,0.3,2,6,5,10,0.01,0.2,120,111,0.698918804492377,0.098554014099724,0.901445985900276,1.97108028199448,1878.16227067746,190.70228290448,1687.45998777298
"334",1,50,200,20,0.3,2,6,5,10,0.01,0.2,120,112,0.698596427269413,0.0835459958682708,0.916454004131729,1.67091991736542,1908.25890144611,172.303232470531,1735.95566897557
"335",2,50,200,20,0.3,2,6,5,10,0.01,0.2,120,112,0.698196229876879,0.0725262348464124,0.927473765153588,1.45052469692825,1930.39847283796,158.777229192727,1771.62124364523
"336",3,50,200,20,0.3,2,6,5,10,0.01,0.2,120,112,0.699140026790311,0.0985144512446537,0.901485548755346,1.97028902489307,1878.18609081311,190.675988112238,1687.51010270088
"337",1,50,200,20,0.3,2,6,5,10,0.01,0.2,120,113,0.698908951054613,0.0834986437796041,0.916501356220396,1.66997287559208,1908.27547467714,172.276535362941,1735.9989393142
"338",2,50,200,20,0.3,2,6,5,10,0.01,0.2,120,113,0.698595429992926,0.0724737660469319,0.927526233953068,1.44947532093864,1930.4036104079,158.752937887528,1771.65067252038
"339",3,50,200,20,0.3,2,6,5,10,0.01,0.2,120,113,0.69933497313842,0.0984795875162289,0.901520412483771,1.96959175032458,1878.20708168294,190.652816516203,1687.55426516673
"340",1,50,200,20,0.3,2,6,5,10,0.01,0.2,120,114,0.699182118903827,0.0834572547115414,0.916542745288458,1.66914509423083,1908.28996085096,172.253200206367,1736.03676064459
"341",2,50,200,20,0.3,2,6,5,10,0.01,0.2,120,114,0.698945252597395,0.0724277871723029,0.927572212827697,1.44855574344606,1930.40811250605,158.731651201204,1771.67646130484
"342",3,50,200,20,0.3,2,6,5,10,0.01,0.2,120,114,0.699504085560026,0.0984493438640788,0.901550656135921,1.96898687728158,1878.22529088184,190.632715576862,1687.59257530497
"343",1,50,200,20,0.3,2,6,5,10,0.01,0.2,120,115,0.699416047322918,0.083421811011679,0.916578188988321,1.66843622023358,1908.30236614591,172.233217048385,1736.06914909753
"344",2,50,200,20,0.3,2,6,5,10,0.01,0.2,120,115,0.699245600248778,0.0723883110297334,0.927611688970267,1.44776622059467,1930.41197787834,158.713375063065,1771.69860281527
"345",3,50,200,20,0.3,2,6,5,10,0.01,0.2,120,115,0.699647797749064,0.0984236427274402,0.90157635727256,1.9684728545488,1878.24076510785,190.615633744748,1687.62513136311
"346",1,50,200,20,0.3,2,6,5,10,0.01,0.2,120,116,0.699610835944607,0.0833922975841504,0.916607702415849,1.66784595168301,1908.31269584555,172.216577377944,1736.0961184676
"347",2,50,200,20,0.3,2,6,5,10,0.01,0.2,120,116,0.699496349988392,0.072355353780277,0.927644646219723,1.44710707560554,1930.41520494235,158.698116955142,1771.71708798721
"348",3,50,200,20,0.3,2,6,5,10,0.01,0.2,120,116,0.699766535463456,0.0984024079648066,0.901597592035193,1.96804815929613,1878.25355020452,190.601520413676,1687.65202979085
"349",1,50,200,20,0.3,2,6,5,10,0.01,0.2,120,117,0.699766567634754,0.0833687018735221,0.916631298126478,1.66737403747044,1908.32095434427,172.203274116292,1736.11768022798
"350",2,50,200,20,0.3,2,6,5,10,0.01,0.2,120,117,0.699697353044623,0.0723289349777056,0.927671065022294,1.44657869955411,1930.41779178343,158.685885930178,1771.73190585325
"351",3,50,200,20,0.3,2,6,5,10,0.01,0.2,120,117,0.699860716906323,0.0983855647857545,0.901614435214246,1.96771129571509,1878.26369120191,190.590325875439,1687.67336532647
"352",1,50,200,20,0.3,2,6,5,10,0.01,0.2,120,118,0.699883308580608,0.083351013851423,0.916648986148577,1.66702027702846,1908.327145152,172.193301609432,1736.13384354257
"353",2,50,200,20,0.3,2,6,5,10,0.01,0.2,120,118,0.699848434502025,0.072309077612001,0.927690922387999,1.44618155224002,1930.41973615049,158.676692631769,1771.74304351872
"354",3,50,200,20,0.3,2,6,5,10,0.01,0.2,120,118,0.699930753095594,0.0983730396848415,0.901626960315158,1.96746079369683,1878.27123235642,190.582001275868,1687.68923108055
"355",1,50,200,20,0.3,2,6,5,10,0.01,0.2,120,119,0.699961108361197,0.0833392260058792,0.916660773994121,1.66678452011758,1908.33127089794,172.186655622115,1736.14461527583
"356",2,50,200,20,0.3,2,6,5,10,0.01,0.2,120,119,0.69994939293429,0.0722958081575961,0.927704191842404,1.44591616315192,1930.42103545124,158.670549316695,1771.75048613454
"357",3,50,200,20,0.3,2,6,5,10,0.01,0.2,120,119,0.699977048222578,0.0983647603774822,0.901635239622518,1.96729520754964,1878.27621718939,190.576498572221,1687.69971861717
